{
    "active_routing": "Default",
    "check_include_pre": false,
    "conn_stat": false,
    "core_box_clash_api": -9090,
    "current_group": 0,
    "custom_inbound": "{\"inbounds\": []}",
    "custom_route": "{\"rules\": []}",
    "extraCore": {
        "core_map": "{\"hysteria2\":\"\",\"naive\":\"\",\"tuic\":\"\"}"
    },
    "fakedns": false,
    "inbound_address": "127.0.0.1",
    "inbound_auth": {
    },
    "inbound_socks_port": 2080,
    "language": 0,
    "log_ignore": [
    ],
    "log_level": "info",
    "max_log_line": 200,
    "mux_concurrency": 8,
    "mux_default_on": false,
    "mux_padding": false,
    "mux_protocol": "h2mux",
    "remember_enable": true,
    "remember_id": -1919,
    "skip_cert": false,
    "spmode2": [
    ],
    "start_minimal": true,
    "sub_auto_update": -30,
    "sub_clear": false,
    "sub_insecure": false,
    "sub_use_proxy": false,
    "test_concurrent": 5,
    "test_dl_timeout": 30,
    "test_url": "http://cp.cloudflare.com/",
    "test_url_dl": "http://cachefly.cachefly.net/10mb.test",
    "theme": "0",
    "traffic_loop_interval": 1000,
    "vpn_bypass_process": "Discord.exe",
    "vpn_hide_console": true,
    "vpn_impl": 0,
    "vpn_internal_tun": true,
    "vpn_ipv6": false,
    "vpn_mtu": 9000,
    "vpn_rule_white": true,
    "vpn_strict_route": false
}
