{
  "items": [
    {
      "groupid": "custom",
      "urlOrPath": "",
      "remark": "Самостоятельная настройка",
      "editAble": true,
      "groups": [
        {
          "groupid": "custom",
          "name": "Обход RU",
          "type": "",
          "or": true,
          "domain_suffix": [
            ".ru",
            ".su",
            ".by",
            ".рф",
            ".xn--p1ai"
          ],
          "rule_set_build_in": [
            "geoip:ru",
            "geosite:ru",
            "geosite:category-gov-ru",
            "geosite:category-media-ru",
            "geosite:category-ru",
            "geosite:private",
            "geoip:private"
          ]
        },
        {
          "groupid": "custom",
          "name": "Приложения",
          "type": "",
          "or": true,
          "process_name_windows": [
            "chrome.exe",
            "Discord.exe"
          ]
        }
      ]
    }
  ],
  "rule_set_items": []
}